Wall time,Step,Value
1744805958.2678034,142,8.727999687194824
1744806272.188321,284,9.038999557495117
1744806583.6786826,426,9.133999824523926
1744806893.4442675,568,9.116000175476074
1744807208.5062814,710,8.958000183105469
1744807522.6038008,852,8.970000267028809
1744807833.0033014,994,9.095000267028809
1744808143.769917,1136,9.088000297546387
1744808457.5704834,1278,8.963000297546387
1744808775.7206433,1420,8.883000373840332
1744809091.3670797,1562,8.968999862670898
1744809408.3908327,1704,8.907999992370605
1744809726.9636872,1846,8.99899959564209
1744810042.3193378,1988,9.074000358581543
1744810351.5213969,2130,9.053999900817871
1744810662.4120138,2272,9.001999855041504
1744810972.9733198,2414,9.043999671936035
1744811283.8047476,2556,9.038000106811523
1744811593.2384052,2698,9.079999923706055
1744811904.7858987,2840,9.048999786376953
1744812216.2075596,2982,9.064000129699707
1744812528.7016418,3124,8.946999549865723
1744812841.4110749,3266,8.993000030517578
1744813155.6521428,3408,8.967000007629395
1744813470.7978768,3550,8.991999626159668
1744813785.906257,3692,9.00100040435791
1744814097.5102682,3834,9.034000396728516
1744814412.915932,3976,8.996999740600586
